id,name,email,executionDate
1,Leanne Graham,Sincere@april.biz,2024-06-22T11:59:50.233209100
2,Ervin Howell,Shanna@melissa.tv,2024-06-22T11:59:50.233209100
3,Clementine Bauch,Nathan@yesenia.net,2024-06-22T11:59:50.233209100
4,Patricia Lebsack,Julianne.OConner@kory.org,2024-06-22T11:59:50.233209100
5,Chelsey Dietrich,Lucio_Hettinger@annie.ca,2024-06-22T11:59:50.233209100
6,Mrs. Dennis Schulist,Karley_Dach@jasper.info,2024-06-22T11:59:50.233209100
7,Kurtis Weissnat,Telly.Hoeger@billy.biz,2024-06-22T11:59:50.233209100
8,Nicholas Runolfsdottir V,Sherwood@rosamond.me,2024-06-22T11:59:50.233209100
9,Glenna Reichert,Chaim_McDermott@dana.io,2024-06-22T11:59:50.233209100
10,Clementina DuBuque,Rey.Padberg@karina.biz,2024-06-22T11:59:50.233209100
